통계표,지역코드,소비유형코드,금액구분코드,단위,변환,2016/01,2016/02,2016/03,2016/04,2016/05,2016/06,2016/07,2016/08,2016/09,2016/10,2016/11,2016/12,2017/01,2017/02,2017/03,2017/04,2017/05,2017/06,2017/07,2017/08,2017/09,2017/10,2017/11,2017/12,2018/01,2018/02,2018/03,2018/04,2018/05,2018/06,2018/07,2018/08,2018/09,2018/10,2018/11,2018/12,2019/01,2019/02,2019/03,2019/04,2019/05,2019/06,2019/07,2019/08,2019/09,2019/10,2019/11,2019/12,2020/01,2020/02,2020/03,2020/04,2020/05,2020/06,2020/07,2020/08,2020/09,2020/10,2020/11,2020/12,2021/01,2021/02,2021/03,2021/04,2021/05,2021/06,2021/07,2021/08,2021/09,2021/10,2021/11,2021/12,2022/01,2022/02,2022/03,2022/04,2022/05,2022/06,2022/07,2022/08,2022/09,2022/10,2022/11
"7.5.2. 지역별 소비유형별 개인 신용카드","서울","합계","총액","백만원 ","원자료","14,958,729","13,267,587","15,031,315","14,670,574","15,306,895","15,315,228","16,554,196","15,614,768","15,592,052","16,309,840","16,170,214","17,532,209","16,748,034","15,692,708","17,259,844","16,787,177","17,260,915","17,160,670","18,223,839","17,078,647","17,969,557","16,513,830","17,771,674","18,156,612","19,056,447","16,623,658","18,941,957","18,415,070","18,770,997","18,169,422","20,045,706","18,581,479","18,321,437","19,754,692","19,627,152","20,297,857","21,464,480","18,091,689","20,598,295","20,685,773","21,940,604","21,070,674","23,055,998","21,660,913","21,662,601","23,129,166","23,478,213","24,440,858","24,202,539","21,433,418","21,942,678","22,302,586","23,177,298","23,555,449","25,217,102","23,477,458","24,534,344","24,448,473","24,844,669","25,292,381","25,128,835","23,543,524","26,317,111","25,772,168","26,669,405","26,369,939","28,007,242","25,933,173","26,425,972","27,404,445","27,975,429","28,663,050","29,257,367","25,488,751","28,674,369","28,506,037","29,630,905","29,019,515","30,813,690","29,771,863","29,690,862","30,223,099","30,377,979"
"7.5.2. 지역별 소비유형별 개인 신용카드","서울","종합소매","총액","백만원 ","원자료","1,485,439","1,445,022","1,510,352","1,507,943","1,678,977","1,534,733","1,612,914","1,646,472","1,610,193","1,710,090","1,682,367","1,716,807","1,691,072","1,424,832","1,650,922","1,606,328","1,787,572","1,643,002","1,745,676","1,672,444","1,740,596","1,726,413","1,776,885","1,805,178","1,691,110","1,585,390","1,691,732","1,715,931","1,796,108","1,696,977","1,815,741","1,722,128","1,823,725","1,828,003","1,827,434","1,935,904","1,807,499","1,574,345","1,824,432","1,789,806","1,908,225","1,799,336","1,871,404","1,833,343","1,873,808","1,776,609","1,819,000","1,886,647","1,755,818","1,444,981","1,507,061","1,524,322","1,684,220","1,676,520","1,622,450","1,659,111","1,744,288","1,694,722","1,762,397","1,689,287","1,630,940","1,557,992","1,740,062","1,689,230","1,820,059","1,719,160","1,698,980","1,714,851","1,758,941","1,816,156","1,865,977","1,838,236","1,856,371","1,526,240","1,748,273","1,784,331","1,974,057","1,830,214","1,848,840","1,859,832","1,825,466","1,939,907","1,851,690"
"7.5.2. 지역별 소비유형별 개인 신용카드","서울","  백화점","총액","백만원 ","원자료","422,880","409,399","443,633","452,152","515,142","422,200","433,453","446,405","435,568","536,341","531,092","552,660","473,338","414,419","471,095","456,059","525,870","441,596","480,602","434,729","475,578","508,616","574,036","588,011","478,627","441,882","485,629","507,817","518,255","444,717","493,954","443,250","498,507","569,765","546,684","616,686","483,254","429,474","511,451","494,271","533,632","473,948","491,654","468,864","505,532","535,291","566,064","621,261","485,081","350,935","328,065","403,082","504,411","505,037","468,305","446,760","471,975","534,944","568,553","478,309","444,317","463,016","576,208","541,187","598,664","532,605","463,507","477,663","529,821","618,094","636,164","630,836","604,125","488,812","557,015","607,742","701,278","609,767","597,921","580,191","586,398","682,465","618,962"
"7.5.2. 지역별 소비유형별 개인 신용카드","서울","  대형마트/유통전문점","총액","백만원 ","원자료","621,246","616,074","619,651","601,271","664,777","614,044","664,834","651,877","637,260","631,645","619,909","624,538","664,502","529,544","618,914","588,772","662,865","601,998","650,053","624,871","637,347","628,654","618,920","624,309","610,708","587,265","604,910","606,024","631,656","599,896","647,836","611,415","656,494","616,857","606,983","630,765","620,059","533,949","607,145","592,285","624,292","580,725","602,955","591,997","615,320","587,696","599,893","610,213","624,066","502,095","549,335","534,516","578,124","566,820","545,382","577,217","613,860","563,640","571,966","574,260","551,387","528,567","548,667","535,715","580,555","540,455","563,938","567,709","568,954","557,596","572,102","562,102","598,387","479,716","534,776","535,159","588,770","547,616","561,704","567,301","549,003","561,210","530,215"
"7.5.2. 지역별 소비유형별 개인 신용카드","서울","  슈퍼마켓","총액","백만원 ","원자료","291,430","273,121","285,280","286,341","312,954","310,533","324,685","342,547","338,036","343,190","344,642","351,869","370,727","308,608","361,472","355,590","378,395","374,540","381,103","374,210","380,302","361,734","360,876","369,132","379,151","356,940","373,890","371,364","398,926","402,225","414,979","408,675","420,411","389,820","433,787","441,065","451,014","390,731","442,810","436,349","461,399","444,044","448,021","455,805","435,679","387,401","401,899","391,664","405,273","392,263","435,836","400,188","402,196","391,483","389,273","420,330","444,836","388,053","416,003","431,505","428,500","380,799","396,795","394,187","411,189","406,298","433,476","435,003","432,204","411,717","430,588","419,506","436,264","362,934","419,977","406,098","428,614","416,168","428,953","439,813","427,483","434,847","438,740"
"7.5.2. 지역별 소비유형별 개인 신용카드","서울","  편의점","총액","백만원 ","원자료","108,940","104,617","124,163","123,795","137,944","140,475","142,633","152,476","145,954","149,079","139,630","141,224","132,188","123,225","145,610","143,534","159,768","168,733","175,463","180,307","182,008","170,236","164,259","165,527","163,827","147,303","172,931","172,916","186,597","193,105","197,637","198,436","189,657","193,089","179,776","182,395","177,516","154,966","184,431","189,376","206,967","211,231","217,946","211,900","206,954","212,235","196,070","200,596","187,718","180,913","189,000","183,228","193,624","207,263","212,591","208,169","208,032","201,090","198,577","198,320","190,707","172,758","206,633","204,858","214,040","223,704","226,099","225,644","221,541","221,657","218,811","219,033","211,610","189,509","230,272","226,730","243,922","243,493","247,100","257,054","251,071","250,045","246,441"
"7.5.2. 지역별 소비유형별 개인 신용카드","서울","  면세점","총액","백만원 ","원자료","40,944","41,811","37,624","44,384","48,160","47,481","47,308","53,167","53,375","49,835","47,095","46,517","50,317","49,036","53,831","62,373","60,675","56,135","58,454","58,326","65,361","57,174","58,794","58,199","58,798","52,000","54,373","57,809","60,675","57,033","61,335","60,352","58,657","58,472","60,204","64,993","75,657","65,225","78,596","77,525","81,935","89,387","110,827","104,776","110,323","53,986","55,075","62,913","53,679","18,776","4,826","3,308","5,865","5,918","6,898","6,635","5,585","6,996","7,299","6,893","16,029","12,851","11,759","13,282","15,611","16,098","11,960","8,833","6,420","7,092","8,311","6,759","5,985","5,268","6,233","8,601","11,472","13,170","13,163","15,473","11,511","11,341","17,331"
"7.5.2. 지역별 소비유형별 개인 신용카드","서울","전자상거래/통신판매","총액","백만원 ","원자료","3,275,063","2,945,704","3,402,446","3,236,762","3,568,306","3,518,740","3,753,371","3,696,689","3,657,855","3,885,814","4,046,101","4,194,568","3,844,503","3,724,279","4,131,999","3,889,580","4,129,203","3,952,253","3,939,680","3,806,827","4,123,970","3,823,020","4,295,180","4,319,550","4,528,419","4,062,751","4,591,333","4,478,482","4,564,318","4,329,110","4,763,158","4,527,330","4,448,198","4,899,407","5,116,335","5,358,859","5,511,999","4,804,964","5,572,641","5,606,767","6,253,124","6,013,880","6,451,561","6,354,211","6,449,847","6,913,959","7,331,191","7,584,006","7,365,049","7,315,618","7,793,869","7,440,696","7,650,953","7,724,323","7,872,975","8,009,867","8,423,812","8,208,332","8,754,613","9,261,293","9,076,770","8,301,892","9,383,951","9,004,530","9,669,136","9,239,170","9,720,392","9,619,785","9,553,280","10,090,866","10,547,062","10,620,046","10,649,883","9,673,084","10,857,908","10,439,127","10,799,774","10,423,680","10,741,083","11,212,492","10,712,701","11,346,731","11,431,251"
"7.5.2. 지역별 소비유형별 개인 신용카드","서울","식료품","총액","백만원 ","원자료","129,575","136,718","117,599","116,687","121,877","117,871","116,290","111,655","150,721","125,070","123,429","133,438","167,626","104,629","126,005","125,163","128,926","122,464","117,797","122,020","158,372","139,781","131,312","143,280","131,743","156,602","122,970","122,393","130,998","125,899","119,667","118,513","184,367","127,233","135,507","142,994","157,064","144,386","128,831","128,654","133,611","128,507","123,365","126,996","170,619","134,871","144,610","151,207","194,234","129,783","144,678","142,558","159,381","136,392","139,244","138,529","205,934","155,435","158,286","174,951","173,439","185,275","151,054","155,566","166,012","152,923","152,803","158,432","224,207","165,698","173,057","184,217","233,774","143,014","162,447","168,372","174,730","159,253","156,200","162,784","209,785","167,369","172,024"
"7.5.2. 지역별 소비유형별 개인 신용카드","서울","  일반식료품","총액","백만원 ","원자료","105,764","113,849","93,724","91,990","96,711","94,565","92,960","89,309","124,143","102,635","102,237","109,895","143,359","83,657","100,916","100,945","104,467","98,971","95,597","99,428","127,418","117,402","109,661","118,861","111,001","132,592","100,999","100,976","105,719","102,110","97,894","97,657","154,422","105,438","113,516","121,260","131,450","121,505","107,183","107,334","109,064","106,587","101,305","105,574","145,995","112,963","122,627","130,386","168,848","110,154","127,233","123,489","137,258","117,963","120,045","120,538","180,393","136,501","140,550","156,868","154,835","165,174","133,718","136,764","145,749","134,849","133,611","140,945","199,484","145,996","155,626","165,158","212,161","130,723","147,436","152,531","158,690","144,573","140,219","146,994","190,498","152,399","157,175"
"7.5.2. 지역별 소비유형별 개인 신용카드","서울","  건강보조식품","총액","백만원 ","원자료","23,811","22,869","23,875","24,698","25,166","23,307","23,330","22,345","26,578","22,435","21,191","23,543","24,267","20,972","25,088","24,218","24,460","23,492","22,200","22,592","30,954","22,379","21,651","24,419","20,742","24,009","21,972","21,416","25,279","23,789","21,773","20,856","29,945","21,795","21,991","21,734","25,614","22,881","21,649","21,320","24,547","21,920","22,059","21,422","24,624","21,908","21,983","20,822","25,386","19,629","17,446","19,070","22,123","18,429","19,199","17,991","25,541","18,933","17,736","18,082","18,605","20,101","17,336","18,802","20,263","18,074","19,192","17,488","24,723","19,702","17,431","19,059","21,613","12,291","15,011","15,841","16,039","14,679","15,981","15,790","19,286","14,970","14,848"
"7.5.2. 지역별 소비유형별 개인 신용카드","서울","의류/잡화","총액","백만원 ","원자료","383,693","351,276","419,541","431,449","460,784","435,747","415,939","372,031","383,582","432,426","435,884","427,234","361,778","359,158","421,442","426,350","436,987","416,744","391,015","357,345","410,277","393,088","431,028","417,339","349,632","328,410","410,648","408,225","425,031","408,567","388,844","345,288","379,469","434,286","409,124","406,484","358,769","317,334","389,447","378,514","394,431","386,404","358,763","337,344","343,806","398,315","391,847","386,777","327,467","280,040","250,101","281,653","355,621","334,792","315,521","269,892","278,575","326,888","312,930","273,839","247,260","256,523","327,174","326,402","338,794","342,776","302,218","274,183","305,606","368,421","345,085","341,857","308,082","259,674","312,451","350,621","384,922","358,490","349,632","305,446","328,400","378,812","340,841"
"7.5.2. 지역별 소비유형별 개인 신용카드","서울","  의복/직물","총액","백만원 ","원자료","192,947","181,015","214,793","226,646","245,775","226,940","201,825","178,013","195,781","240,275","245,577","228,318","189,087","181,071","215,836","222,906","234,734","213,105","198,833","172,210","210,797","219,127","247,725","225,339","178,579","167,559","210,120","215,321","224,654","214,480","199,787","164,065","199,289","250,344","230,571","222,285","181,005","159,886","194,165","195,621","197,853","196,451","178,597","156,330","178,009","213,476","211,582","199,924","157,495","123,901","113,192","135,694","185,915","176,870","153,808","125,685","132,316","182,638","171,545","129,779","109,534","121,960","165,962","167,212","173,984","178,163","143,049","125,850","151,659","200,710","190,186","174,189","149,817","127,676","162,483","192,517","210,711","192,249","181,971","151,941","173,322","218,284","187,812"
"7.5.2. 지역별 소비유형별 개인 신용카드","서울","  복식잡화","총액","백만원 ","원자료","26,114","23,809","30,201","30,647","38,254","36,729","36,099","31,259","31,462","32,278","31,412","32,334","24,773","23,426","30,753","30,870","32,183","32,488","32,161","27,374","30,136","29,290","31,032","31,364","24,612","22,443","30,774","31,280","33,156","31,516","31,458","26,854","30,157","33,857","31,999","34,504","28,688","25,049","32,711","32,289","35,051","33,537","31,024","27,923","28,186","33,016","34,812","34,345","27,488","23,599","21,593","24,348","31,025","29,664","28,670","25,130","23,432","28,424","27,235","24,552","22,258","23,078","29,078","29,168","30,999","30,916","27,627","25,465","26,590","33,687","31,836","32,460","29,239","24,700","28,962","33,658","40,840","36,904","35,547","32,399","32,026","36,999","31,895"
"7.5.2. 지역별 소비유형별 개인 신용카드","서울","  시계/귀금속/안경","총액","백만원 ","원자료","56,281","48,968","59,728","63,297","62,389","59,258","61,559","57,880","52,522","54,833","51,210","56,687","50,795","57,163","66,599","67,111","68,466","67,583","63,545","62,217","60,667","54,285","54,548","58,597","55,111","51,580","67,731","64,730","65,945","64,106","62,637","62,792","57,354","57,558","53,891","59,602","60,138","55,607","69,368","64,302","69,593","66,963","63,263","64,819","56,102","62,268","58,173","63,095","57,289","54,547","45,706","49,645","62,926","55,401","56,205","50,421","47,939","47,906","46,794","50,977","51,159","49,208","59,296","58,974","62,448","59,641","60,366","57,942","57,391","62,132","54,470","61,032","59,865","50,597","58,449","63,330","69,541","66,448","68,983","64,251","60,669","63,172","59,940"
"7.5.2. 지역별 소비유형별 개인 신용카드","서울","  화장품","총액","백만원 ","원자료","108,352","97,484","114,820","110,859","114,366","112,819","116,456","104,879","103,817","105,041","107,685","109,895","97,123","97,498","108,253","105,464","101,603","103,568","96,476","95,543","108,677","90,385","97,724","102,039","91,331","86,829","102,024","96,894","101,276","98,465","94,962","91,577","92,668","92,527","92,663","90,093","88,939","76,791","93,203","86,302","91,933","89,453","85,879","88,272","81,509","89,555","87,280","89,412","85,195","77,994","69,611","71,966","75,755","72,857","76,838","68,656","74,887","67,919","67,354","68,532","64,310","62,277","72,839","71,048","71,362","74,055","71,177","64,927","69,966","71,893","68,593","74,176","69,161","56,701","62,558","61,115","63,830","62,889","63,131","56,856","62,383","60,357","61,194"
"7.5.2. 지역별 소비유형별 개인 신용카드","서울","연료","총액","백만원 ","원자료","220,575","204,558","215,339","200,305","210,510","207,998","219,451","219,185","193,202","200,587","204,376","223,749","231,469","223,702","244,444","228,519","225,110","210,518","222,171","219,480","217,963","211,472","225,734","247,595","256,060","244,519","256,786","239,487","239,980","231,820","252,869","251,856","234,363","238,476","239,761","242,040","240,710","223,949","241,229","233,393","242,879","225,016","225,339","239,920","216,052","226,264","232,354","255,750","263,407","245,411","234,862","203,236","195,141","196,633","197,202","189,552","177,904","181,303","192,764","204,870","227,966","235,744","251,987","231,683","227,384","222,492","230,912","228,331","213,718","228,502","246,905","261,995","273,653","263,857","284,368","282,560","295,258","280,417","302,585","262,600","245,043","247,610","258,205"
"7.5.2. 지역별 소비유형별 개인 신용카드","서울","가구/가전","총액","백만원 ","원자료","570,101","551,630","626,240","553,477","501,192","511,932","586,728","585,917","489,055","512,564","500,500","468,786","452,262","484,710","526,748","528,289","612,811","539,494","669,143","562,990","544,108","526,671","549,837","531,356","580,826","524,478","642,846","633,935","665,344","628,337","778,337","629,005","545,212","595,509","577,575","557,022","638,037","570,826","697,206","617,518","696,572","594,016","630,674","615,681","549,776","569,496","598,026","590,704","616,949","597,778","633,547","618,147","720,817","747,700","669,304","742,763","632,564","610,117","666,684","628,609","704,328","631,361","705,126","647,876","713,414","691,061","783,793","708,358","624,560","672,440","668,368","620,788","681,661","611,681","662,412","658,948","690,157","678,299","730,038","708,635","611,450","654,059","628,154"
"7.5.2. 지역별 소비유형별 개인 신용카드","서울","  가구","총액","백만원 ","원자료","25,488","25,420","28,475","26,489","32,219","32,921","34,052","35,487","33,079","34,836","28,012","28,014","26,310","29,647","31,961","27,738","28,167","26,003","28,503","29,795","28,709","28,147","26,787","25,785","24,818","24,336","33,073","28,550","28,225","26,645","27,230","25,967","26,411","30,674","24,166","25,666","26,921","25,208","29,237","27,473","24,607","24,642","25,982","26,272","25,868","28,784","25,173","27,228","24,351","27,141","27,144","27,521","34,820","31,937","31,212","31,359","32,432","30,702","30,284","28,612","29,807","27,131","30,823","28,736","31,761","29,633","30,021","32,698","29,657","38,309","32,728","30,574","31,575","27,778","28,642","27,993","30,321","26,009","26,162","27,837","23,690","26,911","26,229"
"7.5.2. 지역별 소비유형별 개인 신용카드","서울","  가전제품/정보통신기기","총액","백만원 ","원자료","544,613","526,211","597,765","526,988","468,973","479,011","552,676","550,430","455,976","477,728","472,488","440,772","425,953","455,064","494,787","500,551","584,644","513,491","640,640","533,195","515,399","498,525","523,050","505,571","556,008","500,142","609,773","605,385","637,119","601,691","751,107","603,038","518,801","564,835","553,409","531,356","611,116","545,618","667,969","590,045","671,965","569,374","604,692","589,408","523,908","540,712","572,853","563,476","592,598","570,637","606,403","590,626","685,996","715,763","638,092","711,404","600,132","579,415","636,400","599,997","674,521","604,230","674,302","619,140","681,652","661,429","753,772","675,660","594,904","634,131","635,640","590,214","650,086","583,903","633,770","630,955","659,835","652,290","703,875","680,798","587,760","627,148","601,925"
"7.5.2. 지역별 소비유형별 개인 신용카드","서울","의료/보건","총액","백만원 ","원자료","961,489","836,818","941,089","899,905","880,826","887,252","946,056","897,426","854,849","919,586","913,241","1,024,290","951,953","951,882","1,013,694","987,967","949,846","976,083","1,010,085","1,016,585","1,035,433","914,371","1,010,196","1,075,649","1,101,871","961,150","1,083,660","1,006,909","1,035,807","1,014,805","1,061,697","1,041,920","984,248","1,062,579","1,071,002","1,141,647","1,223,788","1,034,392","1,152,530","1,106,357","1,141,654","1,109,845","1,159,033","1,165,239","1,041,734","1,183,865","1,175,125","1,219,622","1,253,351","1,146,552","1,035,786","1,118,611","1,164,672","1,162,110","1,238,392","1,145,863","1,176,989","1,117,570","1,151,459","1,253,956","1,262,808","1,153,148","1,288,544","1,283,463","1,236,946","1,307,716","1,332,782","1,257,001","1,201,699","1,345,315","1,317,771","1,415,071","1,465,547","1,275,101","1,492,734","1,398,763","1,374,210","1,349,530","1,432,765","1,351,587","1,315,519","1,362,984","1,415,194"
"7.5.2. 지역별 소비유형별 개인 신용카드","서울","  종합병원","총액","백만원 ","원자료","255,625","224,007","262,222","244,184","250,286","250,839","261,846","258,485","230,366","242,774","247,088","267,409","251,462","245,757","264,937","252,130","241,458","254,890","265,873","273,333","264,178","227,825","263,512","270,992","274,893","232,254","265,244","247,531","250,947","248,065","262,699","261,262","226,537","244,925","257,635","259,659","285,411","232,134","260,861","265,200","271,045","261,419","284,947","282,329","246,757","274,765","278,483","282,565","287,364","251,056","222,407","239,042","247,594","266,277","291,117","256,886","239,529","254,904","267,396","277,168","286,786","256,442","298,394","298,959","281,045","301,539","315,302","296,738","270,577","298,223","295,898","312,122","315,217","257,919","284,524","301,432","307,138","302,633","325,622","312,735","298,330","297,548","320,811"
"7.5.2. 지역별 소비유형별 개인 신용카드","서울","  일반병의원/기타의료기관","총액","백만원 ","원자료","705,864","612,811","678,868","655,722","630,540","636,413","684,210","638,942","624,483","676,811","666,154","756,881","700,491","706,125","748,757","735,838","708,388","721,193","744,211","743,252","771,255","686,546","746,684","804,657","826,979","728,896","818,416","759,378","784,860","766,740","798,998","780,658","757,711","817,654","813,368","881,988","938,377","802,258","891,669","841,157","870,609","848,426","874,086","882,910","794,977","909,100","896,642","937,057","965,988","895,497","813,379","879,569","917,078","895,833","947,275","888,977","937,459","862,666","884,063","976,788","976,022","896,705","990,151","984,504","955,900","1,006,177","1,017,480","960,263","931,122","1,047,093","1,021,873","1,102,949","1,150,331","1,017,183","1,208,209","1,097,331","1,067,072","1,046,897","1,107,142","1,038,852","1,017,189","1,065,437","1,094,383"
"7.5.2. 지역별 소비유형별 개인 신용카드","서울","자동차","총액","백만원 ","원자료","650,204","687,163","871,861","809,951","801,742","923,822","735,667","653,152","752,409","777,444","789,412","1,228,918","994,126","911,749","1,094,166","964,223","938,002","1,018,139","965,754","883,183","993,970","803,600","1,028,351","921,000","853,714","834,096","1,234,962","1,066,494","1,039,336","974,884","966,440","985,757","897,312","1,104,123","1,101,122","1,115,413","1,026,769","919,320","1,236,755","1,238,472","1,239,693","1,099,416","1,079,227","983,684","970,698","1,208,654","1,322,267","1,479,948","988,297","861,330","1,558,303","1,742,957","1,846,493","2,007,885","1,780,404","1,325,489","1,701,703","1,627,837","1,781,801","1,786,963","1,496,521","1,292,621","1,848,192","1,800,646","1,717,161","1,746,133","1,614,349","1,312,850","1,163,665","1,467,045","1,549,773","1,610,529","1,148,394","1,262,566","1,331,749","1,431,639","1,512,897","1,410,421","1,367,114","1,321,494","1,410,851","1,520,206","1,848,317"
"7.5.2. 지역별 소비유형별 개인 신용카드","서울","  국산자동차신품","총액","백만원 ","원자료","518,407","568,709","718,471","665,817","659,024","771,060","581,693","492,239","599,086","599,348","627,492","1,045,594","852,390","767,654","912,142","794,147","776,667","832,790","789,753","698,369","805,855","644,520","838,856","738,254","691,163","676,868","1,025,488","890,220","856,354","788,800","794,959","811,525","750,246","929,593","917,943","935,711","867,766","779,380","1,058,157","1,078,797","1,063,299","925,003","907,128","802,847","811,526","1,034,352","1,137,730","1,289,815","846,435","706,261","1,399,506","1,570,604","1,661,336","1,809,266","1,607,888","1,157,598","1,521,183","1,460,595","1,610,432","1,594,450","1,348,780","1,152,454","1,675,796","1,623,738","1,488,412","1,541,351","1,439,121","1,110,006","988,554","1,293,714","1,374,843","1,433,336","991,506","1,120,127","1,143,156","1,227,395","1,320,626","1,229,525","1,143,366","1,106,984","1,197,604","1,270,501","1,601,613"
"7.5.2. 지역별 소비유형별 개인 신용카드","서울","  기타운송수단","총액","백만원 ","원자료","40,090","39,590","59,265","53,070","49,310","58,123","51,303","55,849","57,991","77,782","62,098","71,254","49,952","52,767","74,752","66,090","60,343","77,411","64,111","67,516","71,062","56,486","70,904","64,206","59,138","60,193","91,845","69,726","70,950","76,450","59,530","62,101","49,107","72,938","75,003","72,844","59,338","54,595","77,493","63,804","69,743","72,029","70,198","69,059","63,206","66,525","73,043","80,711","44,061","62,093","70,194","74,823","79,728","95,008","67,688","66,407","76,079","69,674","73,633","85,507","56,610","61,094","79,152","80,710","134,671","106,193","71,701","109,522","82,270","69,273","72,507","70,886","59,376","66,360","97,208","103,385","89,312","80,805","113,153","111,336","113,080","145,972","138,196"
"7.5.2. 지역별 소비유형별 개인 신용카드","서울","  자동차 부품 및 정비","총액","백만원 ","원자료","91,708","78,864","94,124","91,064","93,408","94,639","102,670","105,064","95,332","100,314","99,822","112,069","91,784","91,328","107,271","103,985","100,991","107,938","111,889","117,298","117,053","102,593","118,591","118,540","103,413","97,035","117,629","106,547","112,033","109,635","111,951","112,131","97,959","101,592","108,175","106,857","99,666","85,344","101,105","95,872","106,651","102,384","101,901","111,779","95,966","107,777","111,494","109,422","97,801","92,977","88,603","97,530","105,429","103,611","104,829","101,484","104,440","97,569","97,736","107,005","91,131","79,073","93,243","96,198","94,077","98,589","103,528","93,323","92,841","104,058","102,424","106,307","97,511","76,080","91,385","100,858","102,958","100,090","110,595","103,175","100,166","103,733","108,508"
"7.5.2. 지역별 소비유형별 개인 신용카드","서울","여행/교통","총액","백만원 ","원자료","651,178","568,284","615,340","623,142","664,890","693,065","734,736","680,960","623,539","653,731","693,596","776,853","791,430","747,418","763,052","742,384","744,037","775,656","825,878","751,557","789,591","681,217","760,170","807,982","882,478","747,125","815,994","815,912","839,366","829,565","866,853","803,660","709,100","781,484","778,800","824,253","891,273","766,240","809,699","843,251","859,762","813,054","890,915","789,606","734,216","809,353","827,816","888,836","828,988","382,293","148,634","241,553","320,698","351,404","396,237","354,176","298,163","369,356","391,223","280,015","283,117","308,999","380,900","395,436","407,835","436,204","387,464","363,081","385,065","461,741","525,326","412,100","419,756","366,545","481,208","626,988","707,408","692,869","647,250","633,513","669,207","728,148","751,606"
"7.5.2. 지역별 소비유형별 개인 신용카드","서울","  여행사/자동차임대","총액","백만원 ","원자료","125,247","89,866","82,880","87,212","91,141","106,960","150,442","113,613","107,859","92,997","89,742","125,586","120,562","110,022","96,590","114,012","99,089","113,081","149,467","118,868","150,746","85,904","107,793","132,420","140,822","113,133","109,160","109,925","125,335","116,700","146,901","113,249","121,021","102,866","98,137","124,732","148,869","95,317","96,231","98,391","104,555","97,047","124,125","88,826","91,357","87,140","87,321","105,514","95,760","10,404","3,957","7,712","8,945","9,383","11,183","10,386","8,388","9,746","9,094","8,395","8,102","7,404","9,187","9,197","9,302","10,095","9,649","9,713","9,408","12,600","13,299","8,441","10,154","8,177","11,911","15,680","17,713","16,705","18,735","18,956","23,014","23,269","25,565"
"7.5.2. 지역별 소비유형별 개인 신용카드","서울","  항공사","총액","백만원 ","원자료","269,020","241,317","284,401","269,292","296,737","314,264","308,070","259,700","224,604","252,629","285,845","307,148","343,385","349,424","356,441","305,438","318,935","335,786","347,287","298,779","273,513","266,371","313,815","312,370","397,175","322,407","369,708","352,144","361,066","359,535","364,405","324,941","261,304","333,346","322,393","338,987","396,061","348,281","365,774","364,509","365,318","341,095","375,837","299,062","279,487","331,902","326,862","362,299","342,270","60,917","-95,881","-37,833","15,163","21,357","41,062","23,889","11,970","48,321","52,159","8,168","30,327","39,603","61,387","61,582","66,129","86,133","53,721","48,389","61,423","100,915","130,474","40,082","69,458","67,595","151,747","233,313","266,237","263,504","206,848","201,179","244,159","288,324","309,649"
"7.5.2. 지역별 소비유형별 개인 신용카드","서울","  대중교통","총액","백만원 ","원자료","256,911","237,100","248,059","266,639","277,012","271,841","276,224","307,647","291,076","308,105","318,010","344,119","327,483","287,973","310,021","322,935","326,014","326,788","329,124","333,910","365,332","328,943","338,562","363,192","344,481","311,585","337,125","353,843","352,966","353,330","355,547","365,470","326,774","345,273","358,269","360,534","346,343","322,643","347,694","380,352","389,889","374,912","390,954","401,718","363,372","390,311","413,633","421,023","390,959","310,973","240,558","271,675","296,590","320,664","343,992","319,901","277,804","311,288","329,970","263,451","244,688","261,993","310,326","324,657","332,404","339,976","324,094","304,979","314,234","348,225","381,553","363,577","340,143","290,772","317,551","377,994","423,458","412,660","421,666","413,377","402,034","416,554","416,392"
"7.5.2. 지역별 소비유형별 개인 신용카드","서울","오락/문화","총액","백만원 ","원자료","315,886","281,557","349,584","318,850","331,398","319,863","342,120","321,740","311,383","335,496","336,673","358,521","317,641","321,703","377,923","345,692","366,117","352,130","363,795","373,830","355,018","350,357","354,501","389,797","366,441","321,154","400,022","362,490","390,185","365,573","384,903","395,504","364,393","386,115","379,001","409,649","397,939","363,780","423,377","379,993","403,304","397,540","407,269","400,049","364,835","392,193","392,749","421,630","392,827","315,066","265,543","292,179","355,955","334,061","344,283","312,921","261,356","326,936","317,930","235,028","242,599","276,319","366,981","341,816","357,875","352,047","335,815","322,858","326,918","366,730","362,290","356,785","347,451","294,015","383,775","388,957","429,116","415,330","427,448","403,972","387,114","398,906","383,742"
"7.5.2. 지역별 소비유형별 개인 신용카드","서울","  스포츠/오락/여가","총액","백만원 ","원자료","178,096","154,921","192,280","189,505","202,897","190,810","195,257","189,448","178,728","202,442","195,607","207,089","186,183","189,430","214,731","207,311","236,621","221,487","222,058","244,214","212,530","229,414","221,005","241,593","232,183","197,135","239,147","232,487","257,166","235,737","241,845","259,840","227,952","252,488","241,065","257,887","247,271","229,284","253,864","239,550","264,052","259,537","260,473","258,613","227,999","254,822","251,927","266,792","246,729","183,529","145,740","167,974","226,426","207,432","211,891","187,927","138,433","206,751","197,352","107,604","113,141","160,939","216,295","212,368","228,479","226,509","202,350","196,314","198,212","235,575","235,364","216,587","208,470","180,167","227,382","256,587","295,387","280,722","285,875","272,126","255,308","270,362","253,939"
"7.5.2. 지역별 소비유형별 개인 신용카드","서울","  서적/문구","총액","백만원 ","원자료","137,790","126,635","157,304","129,345","128,500","129,054","146,862","132,293","132,655","133,054","141,066","151,432","131,458","132,272","163,191","138,381","129,496","130,644","141,737","129,616","142,489","120,943","133,495","148,204","134,258","124,019","160,875","130,003","133,018","129,836","143,058","135,664","136,441","133,627","137,936","151,762","150,669","134,496","169,513","140,443","139,251","138,003","146,796","141,436","136,836","137,371","140,822","154,838","146,098","131,536","119,804","124,205","129,529","126,629","132,392","124,994","122,922","120,185","120,577","127,424","129,458","115,381","150,685","129,448","129,396","125,538","133,465","126,544","128,707","131,155","126,926","140,198","138,981","113,848","156,393","132,370","133,728","134,609","141,573","131,846","131,806","128,544","129,803"
"7.5.2. 지역별 소비유형별 개인 신용카드","서울","교육","총액","백만원 ","원자료","322,723","312,695","337,819","269,589","313,633","301,922","355,261","358,122","313,829","302,491","298,185","336,265","306,235","358,609","365,998","292,665","331,933","322,610","369,173","378,772","344,216","301,784","314,600","339,428","342,802","327,725","383,799","292,966","356,620","336,878","377,581","398,730","343,910","332,763","333,628","345,091","369,183","353,481","401,748","309,855","382,435","362,081","404,203","436,963","362,733","359,687","362,133","371,058","361,130","350,688","230,659","279,475","339,622","322,997","354,413","370,519","285,487","319,380","326,842","253,754","302,939","326,615","357,521","309,691","374,944","356,106","384,268","410,696","348,682","364,139","347,398","355,361","361,818","332,927","394,526","341,922","402,820","386,280","435,187","460,003","389,813","381,409","385,364"
"7.5.2. 지역별 소비유형별 개인 신용카드","서울","숙박/음식","총액","백만원 ","원자료","1,124,665","986,396","1,130,694","1,112,827","1,210,823","1,161,083","1,212,702","1,218,129","1,087,241","1,213,789","1,158,496","1,321,314","1,173,781","1,103,200","1,228,966","1,201,506","1,266,709","1,213,657","1,277,527","1,282,355","1,250,759","1,206,669","1,219,838","1,408,891","1,265,351","1,100,441","1,302,461","1,289,364","1,374,642","1,308,209","1,369,909","1,362,856","1,281,457","1,361,571","1,314,229","1,513,212","1,384,308","1,185,080","1,387,748","1,341,067","1,438,129","1,388,956","1,421,294","1,427,277","1,297,314","1,440,565","1,385,473","1,593,504","1,356,280","1,134,757","1,002,514","1,077,871","1,266,686","1,210,839","1,299,776","1,182,252","958,100","1,174,837","1,153,855","813,777","850,413","892,616","1,123,337","1,122,545","1,205,819","1,175,407","1,022,186","1,009,634","1,031,477","1,221,431","1,335,139","1,268,564","1,160,247","957,060","1,163,982","1,389,053","1,631,133","1,536,502","1,567,969","1,516,354","1,447,407","1,630,776","1,515,502"
"7.5.2. 지역별 소비유형별 개인 신용카드","서울","  숙박","총액","백만원 ","원자료","75,532","65,599","70,096","65,414","73,828","69,830","69,081","81,811","69,771","72,941","75,278","88,747","76,340","71,706","69,334","67,683","79,832","66,054","65,516","85,002","74,006","75,993","78,458","97,339","83,390","70,673","76,222","70,120","86,863","73,694","74,451","91,580","76,440","85,444","80,580","104,838","94,294","79,671","81,996","80,854","88,063","81,254","81,127","92,953","77,075","87,618","79,224","103,200","88,351","61,535","36,028","35,994","52,940","59,630","61,033","71,923","42,603","56,581","61,894","53,208","43,592","56,615","65,155","58,610","69,083","73,341","56,346","66,459","57,582","66,306","79,804","88,718","77,214","72,911","74,178","75,255","93,626","90,239","86,577","105,650","83,154","89,196","91,697"
"7.5.2. 지역별 소비유형별 개인 신용카드","서울","  음식점","총액","백만원 ","원자료","1,049,133","920,798","1,060,598","1,047,413","1,136,995","1,091,253","1,143,621","1,136,317","1,017,471","1,140,848","1,083,218","1,232,567","1,097,441","1,031,494","1,159,632","1,133,823","1,186,878","1,147,603","1,212,011","1,197,353","1,176,753","1,130,676","1,141,381","1,311,552","1,181,961","1,029,769","1,226,239","1,219,244","1,287,779","1,234,516","1,295,458","1,271,276","1,205,017","1,276,126","1,233,648","1,408,374","1,290,014","1,105,408","1,305,752","1,260,213","1,350,066","1,307,702","1,340,167","1,334,324","1,220,239","1,352,947","1,306,249","1,490,304","1,267,929","1,073,221","966,486","1,041,876","1,213,746","1,151,209","1,238,743","1,110,330","915,498","1,118,257","1,091,961","760,569","806,821","836,001","1,058,182","1,063,935","1,136,737","1,102,066","965,840","943,175","973,895","1,155,125","1,255,335","1,179,846","1,083,034","884,149","1,089,804","1,313,797","1,537,507","1,446,263","1,481,393","1,410,704","1,364,254","1,541,580","1,423,804"
"7.5.2. 지역별 소비유형별 개인 신용카드","서울","공과금/개인 및 전문 서비스","총액","백만원 ","원자료","2,512,641","1,749,337","1,959,310","2,118,335","2,155,393","2,266,155","2,957,900","2,325,739","2,575,991","2,706,864","2,427,790","2,516,454","2,886,922","2,446,363","2,441,594","2,766,369","2,559,514","2,785,933","3,480,805","2,813,356","3,018,775","2,715,758","2,773,259","2,708,837","3,635,103","2,576,286","2,832,658","2,977,471","2,822,200","2,886,236","3,729,171","2,870,080","3,107,466","3,407,946","3,151,431","3,037,851","4,131,371","2,755,054","2,921,098","3,304,844","3,220,034","3,305,072","4,398,169","3,344,314","3,703,121","3,936,797","3,654,343","3,677,077","4,630,167","3,470,085","3,274,337","3,515,458","3,252,619","3,469,436","4,879,240","3,885,984","4,340,716","4,288,412","3,832,625","4,190,079","4,502,576","4,171,364","3,966,859","4,218,740","4,158,907","4,321,490","5,590,582","4,287,198","4,918,293","4,411,890","4,219,093","4,673,036","5,789,392","4,224,740","4,512,281","4,535,499","4,542,495","4,827,954","5,987,670","4,770,164","5,226,357","4,671,723","4,533,528"
"7.5.2. 지역별 소비유형별 개인 신용카드","서울","금융/보험","총액","백만원 ","원자료","1,192,279","1,129,843","1,339,520","1,227,643","1,295,203","1,306,529","1,336,026","1,318,981","1,287,948","1,316,370","1,326,916","1,395,601","1,278,122","1,267,632","1,487,525","1,330,801","1,487,339","1,488,105","1,471,115","1,471,701","1,457,569","1,404,665","1,480,097","1,540,834","1,517,252","1,384,118","1,616,358","1,510,643","1,585,097","1,545,794","1,620,230","1,608,270","1,471,797","1,673,300","1,623,229","1,687,455","1,706,293","1,582,580","1,801,910","1,749,949","1,803,116","1,743,330","1,878,549","1,818,423","1,772,149","1,899,019","1,865,263","1,967,482","1,911,380","1,874,460","2,088,876","2,014,769","2,023,694","2,066,167","2,154,383","2,038,316","2,069,693","2,103,648","2,082,073","2,234,714","2,095,992","1,979,584","2,321,118","2,184,015","2,185,585","2,251,727","2,293,081","2,200,853","2,193,116","2,247,694","2,266,682","2,386,509","2,222,305","2,109,603","2,489,280","2,316,753","2,328,568","2,350,440","2,379,838","2,369,887","2,334,875","2,344,939","2,379,029"
"7.5.2. 지역별 소비유형별 개인 신용카드","서울","기타","총액","백만원 ","원자료","1,163,218","1,080,588","1,194,581","1,243,709","1,111,342","1,128,514","1,229,035","1,208,570","1,300,254","1,217,517","1,233,249","1,409,409","1,299,114","1,262,841","1,385,367","1,351,342","1,296,810","1,343,883","1,374,228","1,366,202","1,528,938","1,314,963","1,420,686","1,499,895","1,553,645","1,469,413","1,555,728","1,494,370","1,505,963","1,486,766","1,550,305","1,520,580","1,546,419","1,521,896","1,568,974","1,579,983","1,619,479","1,495,957","1,609,643","1,657,331","1,823,635","1,704,220","1,756,234","1,787,863","1,811,893","1,879,520","1,976,014","1,966,611","1,957,196","1,884,573","1,773,907","1,809,100","1,840,726","1,814,190","1,953,277","1,852,224","1,979,063","1,943,701","1,959,187","2,011,247","2,031,165","1,973,471","2,104,306","2,060,528","2,089,535","2,055,528","2,157,616","2,065,061","2,176,745","2,176,376","2,205,504","2,317,957","2,339,033","2,188,643","2,396,974","2,392,505","2,383,361","2,319,836","2,440,072","2,433,099","2,576,873","2,449,519","2,483,532"